movie_name,genre
Super Me,fantasy
Entity Project,horror
Behavioral Family Therapy for Serious Psychiatric Disorders,family
Blood Glacier,scifi
Apat na anino,action
Candid,horror
Hired,horror
Miruthan,crime
Until You See Me,adventure
Shamus,mystery
Crushed,mystery
Vampires,horror
The Rise of the Tiger,horror
Naked Killer,action
Resistance,action
Khaki,action
Refugio,scifi
To the Beat!,action
Quiet Please,mystery
Hide and Seek,family
Paranormal Investigators,crime
L.A. Streetfighters,horror
The Four,fantasy
A Love to Die For,action
The Land of Rock and Gold,action
Cold War 2,action
99 Murders,mystery
Max Rules,crime
The Wind in the Willows,crime
The Lost Isle.,adventure
Kings Sole,family
The Fiction-Makers,scifi
Rakta Charitra,crime
Henry,romance
Sprouting Orchids,crime
The Brass Teapot,horror
The Weir,scifi
Apogee to Murder,fantasy
Flesh for the Inferno,horror
One Jump Ahead,crime
Saturn,horror
Crime Is Our Business,mystery
The Bermuda Triangle,scifi
The Silver,mystery
Ramante Edenthottam,scifi
The Final Game,action
Untitled Latino Christmas Project,romance
Turkey Shoot,family
Children of the Dead,family
If Memory Serves,horror
Twice,horror
Fereshteh,adventure
Black Samson,thriller
Safari,family
Nora Zain,action
Paganini Strikes Again,adventure
Contest,adventure
The Reeds,family
Prevenge,family
Dazzling Lie,thriller
The Head Hunter,fantasy
The Osterman Weekend,romance
Knights,horror
Transsexuals from Space,thriller
My Friend Ganesha,family
Athiratha,family
Showdown,fantasy
Hustle,thriller
The Steel Lady,thriller
Rang Ratta,mystery
The Tale of The Princess Kaguya,action
People Cover Story,romance
Carnivale,thriller
In the Trap,family
The Human Trial,thriller
Splinter,horror
Sunset Moves,scifi
Superhost,crime
Ome,mystery
Jin luo han,thriller
Alone in the Dark,fantasy
Riptide,action
Rocket Night,horror
Seuls,romance
Lesson of the Evil,fantasy
Kismath,adventure
The Glorification of the Antihero,romance
My Name Is Love,scifi
Legenda Tatr,crime
Paisa Paisa,romance
